3 Biotech,http://link.springer.com/journal/13205
Accreditation and Quality Assurance,http://link.springer.com/journal/769
Acoustical Physics,http://link.springer.com/journal/11441
Acoustics Australia,http://link.springer.com/journal/40857
Acta Astronautica,http://www.sciencedirect.com/science/journal/00945765
Acta Biomaterialia,http://www.sciencedirect.com/science/journal/17427061
Acta Geodaetica et Geophysica,http://link.springer.com/journal/40328
Acta Geotechnica,http://link.springer.com/journal/11440
Acta Materialia,http://www.sciencedirect.com/science/journal/13596454
Acta Mechanica,http://link.springer.com/journal/707
Acta Mechanica Sinica,http://link.springer.com/journal/10409
Acta Mechanica Solida Sinica,http://link.springer.com/journal/10338
Acta Metallurgica et Materialia,http://www.sciencedirect.com/science/journal/09567151
Acta Metallurgica Sinica (English Letters),http://link.springer.com/journal/40195
Additive Manufacturing,http://www.sciencedirect.com/science/journal/22148604
Additives for Polymers,http://www.sciencedirect.com/science/journal/03063747
adhesion ADHESIVES + SEALANTS,http://link.springer.com/journal/35784
Adsorption,http://link.springer.com/journal/10450
Advanced Cement Based Materials,http://www.sciencedirect.com/science/journal/10657355
Advanced Drug Delivery Reviews,http://www.sciencedirect.com/science/journal/0169409X
Advanced Engineering Informatics,http://www.sciencedirect.com/science/journal/14740346
Advanced Powder Technology,http://www.sciencedirect.com/science/journal/09218831
Advances in Applied Mathematics,http://www.sciencedirect.com/science/journal/01968858
Advances in Atmospheric Sciences,http://link.springer.com/journal/376
Advances in Colloid and Interface Science,http://www.sciencedirect.com/science/journal/00018686
Advances in Engineering Software,http://www.sciencedirect.com/science/journal/09659978
Advances in Environmental Research,http://www.sciencedirect.com/science/journal/10930191
Advances in Manufacturing,http://link.springer.com/journal/40436
Advances in Space Research,http://www.sciencedirect.com/science/journal/02731177
Aerobiologia,http://link.springer.com/journal/10453
Aerosol Science and Engineering,http://link.springer.com/journal/41810
Aerospace Science and Technology,http://www.sciencedirect.com/science/journal/12709638
AEU - International Journal of Electronics and Communications,http://www.sciencedirect.com/science/journal/14348411
"Air Quality, Atmosphere & Health",http://link.springer.com/journal/11869
Amino Acids,http://link.springer.com/journal/726
Analytical and Bioanalytical Chemistry,http://link.springer.com/journal/216
Annals of Nuclear Energy,http://www.sciencedirect.com/science/journal/03064549
Annals of Physics,http://www.sciencedirect.com/science/journal/00034916
Annals of Pure and Applied Logic,http://www.sciencedirect.com/science/journal/01680072
Applied and Computational Harmonic Analysis,http://www.sciencedirect.com/science/journal/10635203
Applied Biochemistry and Biotechnology,http://link.springer.com/journal/12010
Applied Catalysis A: General,http://www.sciencedirect.com/science/journal/0926860X
Applied Catalysis B: Environmental,http://www.sciencedirect.com/science/journal/09263373
Applied Clay Science,http://www.sciencedirect.com/science/journal/01691317
Applied Composite Materials,http://link.springer.com/journal/10443
Applied Energy,http://www.sciencedirect.com/science/journal/03062619
Applied Ergonomics,http://www.sciencedirect.com/science/journal/00036870
Applied Geochemistry,http://www.sciencedirect.com/science/journal/08832927
Applied Materials Today,http://www.sciencedirect.com/science/journal/23529407
Applied Mathematical Modelling,http://www.sciencedirect.com/science/journal/0307904X
Applied Mathematics and Computation,http://www.sciencedirect.com/science/journal/00963003
Applied Mathematics Letters,http://www.sciencedirect.com/science/journal/08939659
Applied Nanoscience,http://link.springer.com/journal/13204
Applied Numerical Mathematics,http://www.sciencedirect.com/science/journal/01689274
Applied Radiation and Isotopes,http://www.sciencedirect.com/science/journal/09698043
Applied Soft Computing,http://www.sciencedirect.com/science/journal/15684946
Applied Solar Energy,http://link.springer.com/journal/11949
Applied Surface Science,http://www.sciencedirect.com/science/journal/01694332
Applied Thermal Engineering,http://www.sciencedirect.com/science/journal/13594311
Aquatic Geochemistry,http://link.springer.com/journal/10498
Archive of Applied Mechanics,http://link.springer.com/journal/419
Archives of Biochemistry and Biophysics,http://www.sciencedirect.com/science/journal/00039861
Archives of Toxicology,http://link.springer.com/journal/204
Archives of Virology,http://link.springer.com/journal/705
Artificial Intelligence,http://www.sciencedirect.com/science/journal/00043702
Artificial Intelligence in Engineering,http://www.sciencedirect.com/science/journal/09541810
Astronomy and Computing,http://www.sciencedirect.com/science/journal/22131337
Astroparticle Physics,http://www.sciencedirect.com/science/journal/09276505
Atmospheric Pollution Research,http://www.sciencedirect.com/science/journal/13091042
Atmospheric Research,http://www.sciencedirect.com/science/journal/01698095
Atomic Data and Nuclear Data Tables,http://www.sciencedirect.com/science/journal/0092640X
Atomic Energy,http://link.springer.com/journal/10512
Automation in Construction,http://www.sciencedirect.com/science/journal/09265805
Biochemistry (Moscow),http://link.springer.com/journal/10541
"Biochemistry (Moscow), Supplement Series A: Membrane and Cell Biology",http://link.springer.com/journal/11827
"Biochemistry (Moscow), Supplement Series B: Biomedical Chemistry",http://link.springer.com/journal/11828
BioChip Journal,http://link.springer.com/journal/13206
Bioelectrochemistry,http://www.sciencedirect.com/science/journal/15675394
Biogeochemistry,http://link.springer.com/journal/10533
Biological Trace Element Research,http://link.springer.com/journal/12011
Biology and Fertility of Soils,http://link.springer.com/journal/374
Biomass Conversion and Biorefinery,http://link.springer.com/journal/13399
Biomaterials,http://www.sciencedirect.com/science/journal/01429612
Biomechanics and Modeling in Mechanobiology,http://link.springer.com/journal/10237
Biomedical Engineering,http://link.springer.com/journal/10527
Biomedical Engineering Letters,http://link.springer.com/journal/13534
Biomedical Microdevices,http://link.springer.com/journal/10544
BioMetals,http://link.springer.com/journal/10534
Biomolecular NMR Assignments,http://link.springer.com/journal/12104
BioNanoScience,http://link.springer.com/journal/12668
Biophysics,http://link.springer.com/journal/11439
Bioprinting,http://www.sciencedirect.com/science/journal/24058866
Bioprocess and Biosystems Engineering,http://link.springer.com/journal/449
Biotechnology and Bioprocess Engineering,http://link.springer.com/journal/12257
Biotribology,http://www.sciencedirect.com/science/journal/23525738
Brazilian Journal of Physics,http://link.springer.com/journal/13538
Building and Environment,http://www.sciencedirect.com/science/journal/03601323
Building Simulation,http://link.springer.com/journal/12273
Bulletin of Environmental Contamination and Toxicology,http://link.springer.com/journal/128
Bulletin of Materials Science,http://link.springer.com/journal/12034
Bulletin of Volcanology,http://link.springer.com/journal/445
Calphad,http://www.sciencedirect.com/science/journal/03645916
Carbohydrate Polymers,http://www.sciencedirect.com/science/journal/01448617
Carbon,http://www.sciencedirect.com/science/journal/00086223
Carbonates and Evaporites,http://link.springer.com/journal/13146
Catalysis Communications,http://www.sciencedirect.com/science/journal/15667367
Catalysis in Industry,http://link.springer.com/journal/12604
Catalysis Letters,http://link.springer.com/journal/10562
Catalysis Surveys from Asia,http://link.springer.com/journal/10563
Catalysis Today,http://www.sciencedirect.com/science/journal/09205861
Cellulose,http://link.springer.com/journal/10570
Cement and Concrete Composites,http://www.sciencedirect.com/science/journal/09589465
Cement and Concrete Research,http://www.sciencedirect.com/science/journal/00088846
Ceramics International,http://www.sciencedirect.com/science/journal/02728842
Chemical and Petroleum Engineering,http://link.springer.com/journal/10556
Chemical Data Collections,http://www.sciencedirect.com/science/journal/24058300
Chemical Engineering and Processing - Process Intensification,http://www.sciencedirect.com/science/journal/02552701
Chemical Engineering Journal,http://www.sciencedirect.com/science/journal/13858947
Chemical Engineering Research and Design,http://www.sciencedirect.com/science/journal/02638762
Chemical Engineering Science,http://www.sciencedirect.com/science/journal/00092509
Chemical Geology,http://www.sciencedirect.com/science/journal/00092541
Chemical Health and Safety,http://www.sciencedirect.com/science/journal/10749098
Chemical Papers,http://link.springer.com/journal/11696
Chemical Physics,http://www.sciencedirect.com/science/journal/03010104
Chemical Physics Letters,http://www.sciencedirect.com/science/journal/00092614
Chemical Research in Chinese Universities,http://link.springer.com/journal/40242
Chemico-Biological Interactions,http://www.sciencedirect.com/science/journal/00092797
Chemistry and Physics of Lipids,http://www.sciencedirect.com/science/journal/00093084
Chemistry and Technology of Fuels and Oils,http://link.springer.com/journal/10553
Chemistry of Heterocyclic Compounds,http://link.springer.com/journal/10593
Chemometrics and Intelligent Laboratory Systems,http://www.sciencedirect.com/science/journal/01697439
Chemosensory Perception,http://link.springer.com/journal/12078
Chemosphere,http://www.sciencedirect.com/science/journal/00456535
ChemTexts,http://link.springer.com/journal/40828
China Foundry,http://link.springer.com/journal/41230
China Particuology,http://www.sciencedirect.com/science/journal/16722515
Chinese Chemical Letters,http://www.sciencedirect.com/science/journal/10018417
Chinese Journal of Analytical Chemistry,http://www.sciencedirect.com/science/journal/18722040
Chinese Journal of Catalysis,http://www.sciencedirect.com/science/journal/18722067
Chinese Journal of Chemical Engineering,http://www.sciencedirect.com/science/journal/10049541
Chinese Journal of Physics,http://www.sciencedirect.com/science/journal/05779073
Chinese Journal of Polymer Science,http://link.springer.com/journal/10118
Chromatographia,http://link.springer.com/journal/10337
Clean Technologies and Environmental Policy,http://link.springer.com/journal/10098
Clinical Biomechanics,http://www.sciencedirect.com/science/journal/02680033
Coke and Chemistry,http://link.springer.com/journal/11955
Colloid and Interface Science Communications,http://www.sciencedirect.com/science/journal/22150382
Colloid and Polymer Science,http://link.springer.com/journal/396
Colloid Journal,http://link.springer.com/journal/10595
Colloids and Surfaces A: Physicochemical and Engineering Aspects,http://www.sciencedirect.com/science/journal/09277757
Colloids and Surfaces B: Biointerfaces,http://www.sciencedirect.com/science/journal/09277765
Combustion and Flame,http://www.sciencedirect.com/science/journal/00102180
"Combustion, Explosion, and Shock Waves",http://link.springer.com/journal/10573
Communications in Nonlinear Science and Numerical Simulation,http://www.sciencedirect.com/science/journal/10075704
Composite Structures,http://www.sciencedirect.com/science/journal/02638223
Composites,http://www.sciencedirect.com/science/journal/00104361
Composites Communications,http://www.sciencedirect.com/science/journal/24522139
Composites Engineering,http://www.sciencedirect.com/science/journal/09619526
Composites Manufacturing,http://www.sciencedirect.com/science/journal/09567143
Composites Part A: Applied Science and Manufacturing,http://www.sciencedirect.com/science/journal/1359835X
Composites Part B: Engineering,http://www.sciencedirect.com/science/journal/13598368
Composites Science and Technology,http://www.sciencedirect.com/science/journal/02663538
Comptes Rendus de l'Académie des Sciences - Series IIB - Mechanics,http://www.sciencedirect.com/science/journal/16207742
Comptes Rendus de l'Académie des Sciences - Series IIB - Mechanics-Physics-Astronomy,http://www.sciencedirect.com/science/journal/12874620
Comptes Rendus de l'Académie des Sciences - Series IIB - Mechanics-Physics-Chemistry-Astronomy,http://www.sciencedirect.com/science/journal/12518069
Comptes Rendus de l'Académie des Sciences - Series IIC - Chemistry,http://www.sciencedirect.com/science/journal/13871609
Comptes Rendus de l'Académie des Sciences - Series IV - Physics-Astrophysics,http://www.sciencedirect.com/science/journal/12962147
Computational and Theoretical Chemistry,http://www.sciencedirect.com/science/journal/2210271X
Computational and Theoretical Polymer Science,http://www.sciencedirect.com/science/journal/10893156
Computational Biology and Chemistry,http://www.sciencedirect.com/science/journal/14769271
Computational Condensed Matter,http://www.sciencedirect.com/science/journal/23522143
Computational Materials Science,http://www.sciencedirect.com/science/journal/09270256
Computational Mechanics,http://link.springer.com/journal/466
Computational Particle Mechanics,http://link.springer.com/journal/40571
Computational Toxicology,http://www.sciencedirect.com/science/journal/24681113
Computer Aided Geometric Design,http://www.sciencedirect.com/science/journal/01678396
Computer Integrated Manufacturing Systems,http://www.sciencedirect.com/science/journal/09515240
Computer Methods in Applied Mechanics and Engineering,http://www.sciencedirect.com/science/journal/00457825
Computer Physics Communications,http://www.sciencedirect.com/science/journal/00104655
Computer-Aided Design,http://www.sciencedirect.com/science/journal/00104485
Computers & Chemical Engineering,http://www.sciencedirect.com/science/journal/00981354
Computers & Chemistry,http://www.sciencedirect.com/science/journal/00978485
Computers & Industrial Engineering,http://www.sciencedirect.com/science/journal/03608352
Computers & Structures,http://www.sciencedirect.com/science/journal/00457949
Computers in Industry,http://www.sciencedirect.com/science/journal/01663615
Construction and Building Materials,http://www.sciencedirect.com/science/journal/09500618
Construction Robotics,http://link.springer.com/journal/41693
Contributions to Mineralogy and Petrology,http://link.springer.com/journal/410
Coordination Chemistry Reviews,http://www.sciencedirect.com/science/journal/00108545
Corrosion Science,http://www.sciencedirect.com/science/journal/0010938X
Cryogenics,http://www.sciencedirect.com/science/journal/00112275
Crystallography Reports,http://link.springer.com/journal/11445
Current Applied Physics,http://www.sciencedirect.com/science/journal/15671739
Current Molecular Biology Reports,http://link.springer.com/journal/40610
Current Opinion in Chemical Biology,http://www.sciencedirect.com/science/journal/13675931
Current Opinion in Chemical Engineering,http://www.sciencedirect.com/science/journal/22113398
Current Opinion in Colloid & Interface Science,http://www.sciencedirect.com/science/journal/13590294
Current Opinion in Electrochemistry,http://www.sciencedirect.com/science/journal/24519103
Current Opinion in Environmental Science & Health,http://www.sciencedirect.com/science/journal/24685844
Current Opinion in Environmental Sustainability,http://www.sciencedirect.com/science/journal/18773435
Current Opinion in Food Science,http://www.sciencedirect.com/science/journal/22147993
Current Opinion in Green and Sustainable Chemistry,http://www.sciencedirect.com/science/journal/24522236
Current Opinion in Immunology,http://www.sciencedirect.com/science/journal/09527915
Current Opinion in Solid State and Materials Science,http://www.sciencedirect.com/science/journal/13590286
Current Opinion in Toxicology,http://www.sciencedirect.com/science/journal/24682020
Current Opinion in Virology,http://www.sciencedirect.com/science/journal/18796257
Current Pollution Reports,http://link.springer.com/journal/40726
Current Sustainable/Renewable Energy Reports,http://link.springer.com/journal/40518
Cytotechnology,http://link.springer.com/journal/10616
Dental Materials,http://www.sciencedirect.com/science/journal/01095641
Desalination,http://www.sciencedirect.com/science/journal/00119164
Diamond and Related Materials,http://www.sciencedirect.com/science/journal/09259635
Doklady Chemistry,http://link.springer.com/journal/10631
Doklady Physical Chemistry,http://link.springer.com/journal/10634
Drug Delivery and Translational Research,http://link.springer.com/journal/13346
Drug Discovery Today,http://www.sciencedirect.com/science/journal/13596446
Drug Discovery Today: BIOSILICO,http://www.sciencedirect.com/science/journal/17418364
Drug Discovery Today: TARGETS,http://www.sciencedirect.com/science/journal/17418372
Drug Discovery Today: Technologies,http://www.sciencedirect.com/science/journal/17406749
Drug Metabolism and Pharmacokinetics,http://www.sciencedirect.com/science/journal/13474367
Drug Resistance Updates,http://www.sciencedirect.com/science/journal/13687646
Dyes and Pigments,http://www.sciencedirect.com/science/journal/01437208
Ecotoxicology,http://link.springer.com/journal/10646
Education for Chemical Engineers,http://www.sciencedirect.com/science/journal/17497728
Electrocatalysis,http://link.springer.com/journal/12678
Electrochemistry Communications,http://www.sciencedirect.com/science/journal/13882481
Electrochimica Acta,http://www.sciencedirect.com/science/journal/00134686
Electronic Materials Letters,http://link.springer.com/journal/13391
Emission Control Science and Technology,http://link.springer.com/journal/40825
Energy,http://www.sciencedirect.com/science/journal/03605442
Energy and Buildings,http://www.sciencedirect.com/science/journal/03787788
Energy and Climate Change,http://www.sciencedirect.com/science/journal/26662787
Energy Conversion and Management,http://www.sciencedirect.com/science/journal/01968904
Energy Economics,http://www.sciencedirect.com/science/journal/01409883
Energy Efficiency,http://link.springer.com/journal/12053
Energy for Sustainable Development,http://www.sciencedirect.com/science/journal/09730826
Energy Policy,http://www.sciencedirect.com/science/journal/03014215
Energy Research & Social Science,http://www.sciencedirect.com/science/journal/22146296
Energy Storage Materials,http://www.sciencedirect.com/science/journal/24058297
Energy Strategy Reviews,http://www.sciencedirect.com/science/journal/2211467X
Energy Systems,http://link.springer.com/journal/12667
"Energy, Ecology and Environment",http://link.springer.com/journal/40974
EnergyChem,http://www.sciencedirect.com/science/journal/25897780
Engineering Failure Analysis,http://www.sciencedirect.com/science/journal/13506307
Engineering Fracture Mechanics,http://www.sciencedirect.com/science/journal/00137944
Engineering Geology,http://www.sciencedirect.com/science/journal/00137952
Engineering Structures,http://www.sciencedirect.com/science/journal/01410296
"Environment, Development and Sustainability",http://link.springer.com/journal/10668
Environmental Chemistry Letters,http://link.springer.com/journal/10311
"Environmental Nanotechnology, Monitoring & Management",http://www.sciencedirect.com/science/journal/22151532
Environmental Pollution,http://www.sciencedirect.com/science/journal/02697491
Environmental Processes,http://link.springer.com/journal/40710
Environmental Research,http://www.sciencedirect.com/science/journal/00139351
Environmental Science & Policy,http://www.sciencedirect.com/science/journal/14629011
Environmental Science and Pollution Research,http://link.springer.com/journal/11356
Environmental Technology & Innovation,http://www.sciencedirect.com/science/journal/23521864
Environmental Toxicology and Pharmacology,http://www.sciencedirect.com/science/journal/13826689
European Food Research and Technology,http://link.springer.com/journal/217
European Journal of Mechanics - A/Solids,http://www.sciencedirect.com/science/journal/09977538
European Journal of Mechanics - B/Fluids,http://www.sciencedirect.com/science/journal/09977546
European Journal of Medicinal Chemistry,http://www.sciencedirect.com/science/journal/02235234
European Journal of Nutrition,http://link.springer.com/journal/394
European Journal of Pharmacology: Environmental Toxicology and Pharmacology,http://www.sciencedirect.com/science/journal/09266917
European Journal of Pharmacology: Molecular Pharmacology,http://www.sciencedirect.com/science/journal/09224106
European Journal of Soil Biology,http://www.sciencedirect.com/science/journal/11645563
European Journal of Solid State and Inorganic Chemistry,http://www.sciencedirect.com/science/journal/09924361
European Journal of Wood and Wood Products,http://link.springer.com/journal/107
European Polymer Journal,http://www.sciencedirect.com/science/journal/00143057
"Exergy, An International Journal",http://www.sciencedirect.com/science/journal/11640235
Experimental Mechanics,http://link.springer.com/journal/11340
Experimental Techniques,http://link.springer.com/journal/40799
Experimental Thermal and Fluid Science,http://www.sciencedirect.com/science/journal/08941777
Experiments in Fluids,http://link.springer.com/journal/348
Extreme Mechanics Letters,http://www.sciencedirect.com/science/journal/23524316
Fibers and Polymers,http://link.springer.com/journal/12221
Fibre Chemistry,http://link.springer.com/journal/10692
Field Crops Research,http://www.sciencedirect.com/science/journal/03784290
Filtration + Separation,http://www.sciencedirect.com/science/journal/00151882
Filtration Industry Analyst,http://www.sciencedirect.com/science/journal/13656937
Finite Elements in Analysis and Design,http://www.sciencedirect.com/science/journal/0168874X
Finite Fields and Their Applications,http://www.sciencedirect.com/science/journal/10715797
Fire Safety Journal,http://www.sciencedirect.com/science/journal/03797112
Fire Technology,http://link.springer.com/journal/10694
FlatChem,http://www.sciencedirect.com/science/journal/24522627
"Flow, Turbulence and Combustion",http://link.springer.com/journal/10494
Fluid Dynamics,http://link.springer.com/journal/10697
Fluid Phase Equilibria,http://www.sciencedirect.com/science/journal/03783812
Focus on Catalysts,http://www.sciencedirect.com/science/journal/13514180
Focus on Pigments,http://www.sciencedirect.com/science/journal/09696210
Focus on Powder Coatings,http://www.sciencedirect.com/science/journal/13645439
Focus on Surfactants,http://www.sciencedirect.com/science/journal/13514210
Food Analytical Methods,http://link.springer.com/journal/12161
Food and Bioprocess Technology,http://link.springer.com/journal/11947
Food and Bioproducts Processing,http://www.sciencedirect.com/science/journal/09603085
Food and Chemical Toxicology,http://www.sciencedirect.com/science/journal/02786915
Food Biophysics,http://link.springer.com/journal/11483
Food Bioscience,http://www.sciencedirect.com/science/journal/22124292
Food Chemistry,http://www.sciencedirect.com/science/journal/03088146
Food Engineering Reviews,http://link.springer.com/journal/12393
Food Hydrocolloids,http://www.sciencedirect.com/science/journal/0268005X
Food Packaging and Shelf Life,http://www.sciencedirect.com/science/journal/22142894
Food Policy,http://www.sciencedirect.com/science/journal/03069192
Food Quality and Preference,http://www.sciencedirect.com/science/journal/09503293
Food Research International,http://www.sciencedirect.com/science/journal/09639969
Food Science and Biotechnology,http://link.springer.com/journal/10068
Food Structure,http://www.sciencedirect.com/science/journal/22133291
Forensic Chemistry,http://www.sciencedirect.com/science/journal/24681709
Forensic Imaging,http://www.sciencedirect.com/science/journal/26662256
Forensic Science International,http://www.sciencedirect.com/science/journal/03790738
Forensic Science International: Digital Investigation,http://www.sciencedirect.com/science/journal/26662817
Foundations of Physics,http://link.springer.com/journal/10701
Frontiers in Energy,http://link.springer.com/journal/11708
Frontiers of Chemical Science and Engineering,http://link.springer.com/journal/11705
Frontiers of Materials Science,http://link.springer.com/journal/11706
Frontiers of Mechanical Engineering,http://link.springer.com/journal/11465
Frontiers of Physics,http://link.springer.com/journal/11467
Frontiers of Structural and Civil Engineering,http://link.springer.com/journal/11709
Fuel,http://www.sciencedirect.com/science/journal/00162361
Fuel and Energy Abstracts,http://www.sciencedirect.com/science/journal/01406701
Fuel Cells Bulletin,http://www.sciencedirect.com/science/journal/14642859
Fuel Processing Technology,http://www.sciencedirect.com/science/journal/03783820
Fusion Engineering and Design,http://www.sciencedirect.com/science/journal/09203796
Gas Separation & Purification,http://www.sciencedirect.com/science/journal/09504214
General Relativity and Gravitation,http://link.springer.com/journal/10714
Geochemistry,http://www.sciencedirect.com/science/journal/00092819
Geochemistry International,http://link.springer.com/journal/11476
Geochimica et Cosmochimica Acta,http://www.sciencedirect.com/science/journal/00167037
Geoheritage,http://link.springer.com/journal/12371
Geology of Ore Deposits,http://link.springer.com/journal/11477
Geomechanics and Geophysics for Geo-Energy and Geo-Resources,http://link.springer.com/journal/40948
Geomechanics for Energy and the Environment,http://www.sciencedirect.com/science/journal/23523808
Geotextiles and Geomembranes,http://www.sciencedirect.com/science/journal/02661144
Glass and Ceramics,http://link.springer.com/journal/10717
Glass Physics and Chemistry,http://link.springer.com/journal/10720
Glass Structures & Engineering,http://link.springer.com/journal/40940
Gold Bulletin,http://link.springer.com/journal/13404
Granular Computing,http://link.springer.com/journal/41066
Granular Matter,http://link.springer.com/journal/10035
Graphene Technology,http://link.springer.com/journal/41127
Heat and Mass Transfer,http://link.springer.com/journal/231
High Energy Chemistry,http://link.springer.com/journal/10733
High Energy Density Physics,http://www.sciencedirect.com/science/journal/15741818
High Temperature,http://link.springer.com/journal/10740
Human Factors and Mechanical Engineering for Defense and Safety,http://link.springer.com/journal/41314
Hydrometallurgy,http://www.sciencedirect.com/science/journal/0304386X
Indian Geotechnical Journal,http://link.springer.com/journal/40098
Indian Journal of Physics,http://link.springer.com/journal/12648
Innovative Food Science & Emerging Technologies,http://www.sciencedirect.com/science/journal/14668564
Inorganic Chemistry Communications,http://www.sciencedirect.com/science/journal/13877003
Inorganic Materials,http://link.springer.com/journal/10789
Inorganic Materials: Applied Research,http://link.springer.com/journal/13188
Inorganica Chimica Acta,http://www.sciencedirect.com/science/journal/00201693
Instruments and Experimental Techniques,http://link.springer.com/journal/10786
Integrating Materials and Manufacturing Innovation,http://link.springer.com/journal/40192
Intermetallics,http://www.sciencedirect.com/science/journal/09669795
International Applied Mechanics,http://link.springer.com/journal/10778
International Communications in Heat and Mass Transfer,http://www.sciencedirect.com/science/journal/07351933
International Journal of Adhesion and Adhesives,http://www.sciencedirect.com/science/journal/01437496
International Journal of Advances in Engineering Sciences and Applied Mathematics,http://link.springer.com/journal/12572
International Journal of Civil Engineering,http://link.springer.com/journal/40999
International Journal of Coal Geology,http://www.sciencedirect.com/science/journal/01665162
International Journal of Critical Infrastructure Protection,http://www.sciencedirect.com/science/journal/18745482
International Journal of Disaster Risk Reduction,http://www.sciencedirect.com/science/journal/22124209
International Journal of Drug Policy,http://www.sciencedirect.com/science/journal/09553959
International Journal of Engineering Science,http://www.sciencedirect.com/science/journal/00207225
International Journal of Fatigue,http://www.sciencedirect.com/science/journal/01421123
International Journal of Food Microbiology,http://www.sciencedirect.com/science/journal/01681605
International Journal of Fracture,http://link.springer.com/journal/10704
International Journal of Gastronomy and Food Science,http://www.sciencedirect.com/science/journal/1878450X
International Journal of Geosynthetics and Ground Engineering,http://link.springer.com/journal/40891
International Journal of Heat and Fluid Flow,http://www.sciencedirect.com/science/journal/0142727X
International Journal of Heat and Mass Transfer,http://www.sciencedirect.com/science/journal/00179310
International Journal of Hydrogen Energy,http://www.sciencedirect.com/science/journal/03603199
International Journal of Impact Engineering,http://www.sciencedirect.com/science/journal/0734743X
International Journal of Industrial Ergonomics,http://www.sciencedirect.com/science/journal/01698141
International Journal of Inorganic Materials,http://www.sciencedirect.com/science/journal/14666049
International Journal of Machine Tools and Manufacture,http://www.sciencedirect.com/science/journal/08906955
International Journal of Mass Spectrometry,http://www.sciencedirect.com/science/journal/13873806
International Journal of Mass Spectrometry and Ion Processes,http://www.sciencedirect.com/science/journal/01681176
International Journal of Material Forming,http://link.springer.com/journal/12289
International Journal of Mechanical Sciences,http://www.sciencedirect.com/science/journal/00207403
International Journal of Mechanics and Materials in Design,http://link.springer.com/journal/10999
International Journal of Medical Microbiology Supplements,http://www.sciencedirect.com/science/journal/14331128
International Journal of Metalcasting,http://link.springer.com/journal/40962
"International Journal of Minerals, Metallurgy and Materials",http://link.springer.com/journal/12613
International Journal of Mining Science and Technology,http://www.sciencedirect.com/science/journal/20952686
International Journal of Multiphase Flow,http://www.sciencedirect.com/science/journal/03019322
International Journal of Non-Linear Mechanics,http://www.sciencedirect.com/science/journal/00207462
International Journal of Pharmaceutics,http://www.sciencedirect.com/science/journal/03785173
International Journal of Plasticity,http://www.sciencedirect.com/science/journal/07496419
International Journal of Precision Engineering and Manufacturing,http://link.springer.com/journal/12541
International Journal of Pressure Vessels and Piping,http://www.sciencedirect.com/science/journal/03080161
International Journal of Refractory Metals and Hard Materials,http://www.sciencedirect.com/science/journal/02634368
International Journal of Refrigeration,http://www.sciencedirect.com/science/journal/01407007
International Journal of Rock Mechanics and Mining Sciences,http://www.sciencedirect.com/science/journal/13651609
International Journal of Rock Mechanics and Mining Sciences & Geomechanics Abstracts,http://www.sciencedirect.com/science/journal/01489062
International Journal of Self-Propagating High-Temperature Synthesis,http://link.springer.com/journal/12003
International Journal of Solids and Structures,http://www.sciencedirect.com/science/journal/00207683
International Journal of Steel Structures,http://link.springer.com/journal/13296
International Journal of System Assurance Engineering and Management,http://link.springer.com/journal/13198
International Journal of Theoretical Physics,http://link.springer.com/journal/10773
International Journal of Thermal Sciences,http://www.sciencedirect.com/science/journal/12900729
International Journal of Thermophysics,http://link.springer.com/journal/10765
Ionics,http://link.springer.com/journal/11581
"Iranian Journal of Science and Technology, Transactions A: Science",http://link.springer.com/journal/40995
"Iranian Journal of Science and Technology, Transactions of Civil Engineering",http://link.springer.com/journal/40996
"Iranian Journal of Science and Technology, Transactions of Electrical Engineering",http://link.springer.com/journal/40998
"Iranian Journal of Science and Technology, Transactions of Mechanical Engineering",http://link.springer.com/journal/40997
Iranian Polymer Journal,http://link.springer.com/journal/13726
IST International Surface Technology,http://link.springer.com/journal/35724
JOM,http://link.springer.com/journal/11837
Journal of Aerosol Science,http://www.sciencedirect.com/science/journal/00218502
Journal of Alloys and Compounds,http://www.sciencedirect.com/science/journal/09258388
Journal of Analytical and Applied Pyrolysis,http://www.sciencedirect.com/science/journal/01652370
Journal of Analytical Chemistry,http://link.springer.com/journal/10809
Journal of Applied Electrochemistry,http://link.springer.com/journal/10800
Journal of Applied Mechanics and Technical Physics,http://link.springer.com/journal/10808
Journal of Archaeological Science,http://www.sciencedirect.com/science/journal/03054403
Journal of Atmospheric Chemistry,http://link.springer.com/journal/10874
Journal of Bio- and Tribo-Corrosion,http://link.springer.com/journal/40735
Journal of Bioenergetics and Biomembranes,http://link.springer.com/journal/10863
Journal of Biological Physics,http://link.springer.com/journal/10867
Journal of Biomechanics,http://www.sciencedirect.com/science/journal/00219290
Journal of Biomolecular NMR,http://link.springer.com/journal/10858
Journal of Building Engineering,http://www.sciencedirect.com/science/journal/23527102
Journal of Catalysis,http://www.sciencedirect.com/science/journal/00219517
Journal of Cereal Science,http://www.sciencedirect.com/science/journal/07335210
Journal of Chemical Crystallography,http://link.springer.com/journal/10870
Journal of Chemical Neuroanatomy,http://www.sciencedirect.com/science/journal/08910618
Journal of Chemical Sciences,http://link.springer.com/journal/12039
Journal of China University of Mining and Technology,http://www.sciencedirect.com/science/journal/10061266
Journal of Chromatography A,http://www.sciencedirect.com/science/journal/00219673
Journal of Chromatography B,http://www.sciencedirect.com/science/journal/15700232
Journal of Cleaner Production,http://www.sciencedirect.com/science/journal/09596526
Journal of Cluster Science,http://link.springer.com/journal/10876
Journal of CO2 Utilization,http://www.sciencedirect.com/science/journal/22129820
Journal of Coatings Technology and Research,http://link.springer.com/journal/11998
Journal of Colloid and Interface Science,http://www.sciencedirect.com/science/journal/00219797
Journal of Computational and Applied Mathematics,http://www.sciencedirect.com/science/journal/03770427
Journal of Computational Physics,http://www.sciencedirect.com/science/journal/00219991
Journal of Computational Science,http://www.sciencedirect.com/science/journal/18777503
Journal of Computer-Aided Molecular Design,http://link.springer.com/journal/10822
Journal of Constructional Steel Research,http://www.sciencedirect.com/science/journal/0143974X
Journal of Contemporary Physics (Armenian Academy of Sciences),http://link.springer.com/journal/11958
Journal of Crystal Growth,http://www.sciencedirect.com/science/journal/00220248
Journal of Cultural Heritage,http://www.sciencedirect.com/science/journal/12962074
Journal of Differential Equations,http://www.sciencedirect.com/science/journal/00220396
Journal of Drug Delivery Science and Technology,http://www.sciencedirect.com/science/journal/17732247
Journal of Dynamic Behavior of Materials,http://link.springer.com/journal/40870
Journal of Elasticity,http://link.springer.com/journal/10659
Journal of Electroanalytical Chemistry,http://www.sciencedirect.com/science/journal/15726657
Journal of Electroceramics,http://link.springer.com/journal/10832
Journal of Electron Spectroscopy and Related Phenomena,http://www.sciencedirect.com/science/journal/03682048
Journal of Electronic Materials,http://link.springer.com/journal/11664
Journal of Electronic Testing,http://link.springer.com/journal/10836
Journal of Electrostatics,http://www.sciencedirect.com/science/journal/03043886
Journal of Energy Chemistry,http://www.sciencedirect.com/science/journal/20954956
Journal of Energy Finance & Development,http://www.sciencedirect.com/science/journal/10857443
Journal of Energy Storage,http://www.sciencedirect.com/science/journal/2352152X
Journal of Engineering Physics and Thermophysics,http://link.springer.com/journal/10891
Journal of Engineering Thermophysics,http://link.springer.com/journal/11823
Journal of Environmental Chemical Engineering,http://www.sciencedirect.com/science/journal/22133437
Journal of Environmental Radioactivity,http://www.sciencedirect.com/science/journal/0265931X
Journal of Environmental Sciences,http://www.sciencedirect.com/science/journal/10010742
Journal of Experimental and Theoretical Physics,http://link.springer.com/journal/11447
Journal of Failure Analysis and Prevention,http://link.springer.com/journal/11668
Journal of Fermentation and Bioengineering,http://www.sciencedirect.com/science/journal/0922338X
Journal of Fluids and Structures,http://www.sciencedirect.com/science/journal/08899746
Journal of Fluorine Chemistry,http://www.sciencedirect.com/science/journal/00221139
Journal of Food Composition and Analysis,http://www.sciencedirect.com/science/journal/08891575
Journal of Food Engineering,http://www.sciencedirect.com/science/journal/02608774
Journal of Food Science and Technology,http://link.springer.com/journal/13197
Journal of Friction and Wear,http://link.springer.com/journal/11959
Journal of Fuel Chemistry and Technology,http://www.sciencedirect.com/science/journal/18725813
Journal of Fusion Energy,http://link.springer.com/journal/10894
Journal of Hazardous Materials,http://www.sciencedirect.com/science/journal/03043894
Journal of Inclusion Phenomena and Macrocyclic Chemistry,http://link.springer.com/journal/10847
Journal of Industrial and Engineering Chemistry,http://www.sciencedirect.com/science/journal/1226086X
Journal of Inorganic and Organometallic Polymers and Materials,http://link.springer.com/journal/10904
Journal of Loss Prevention in the Process Industries,http://www.sciencedirect.com/science/journal/09504230
Journal of Low Temperature Physics,http://link.springer.com/journal/10909
Journal of Luminescence,http://www.sciencedirect.com/science/journal/00222313
Journal of Machinery Manufacture and Reliability,http://link.springer.com/journal/12001
Journal of Magnetic Resonance,http://www.sciencedirect.com/science/journal/10907807
"Journal of Magnetic Resonance, Series A",http://www.sciencedirect.com/science/journal/10641858
"Journal of Magnetic Resonance, Series B",http://www.sciencedirect.com/science/journal/10641866
Journal of Magnetism and Magnetic Materials,http://www.sciencedirect.com/science/journal/03048853
Journal of Manufacturing Processes,http://www.sciencedirect.com/science/journal/15266125
Journal of Manufacturing Systems,http://www.sciencedirect.com/science/journal/02786125
Journal of Mass Spectrometry and Advances in the Clinical Lab,http://www.sciencedirect.com/science/journal/2667145X
Journal of Material Cycles and Waste Management,http://link.springer.com/journal/10163
Journal of Materials Engineering and Performance,http://link.springer.com/journal/11665
Journal of Materials Processing Technology,http://www.sciencedirect.com/science/journal/09240136
Journal of Materials Science,http://link.springer.com/journal/10853
Journal of Materials Science & Technology,http://www.sciencedirect.com/science/journal/10050302
Journal of Materials Science: Materials in Electronics,http://link.springer.com/journal/10854
Journal of Mathematical Chemistry,http://link.springer.com/journal/10910
Journal of Mathematical Fluid Mechanics,http://link.springer.com/journal/21
Journal of Mechanical Science and Technology,http://link.springer.com/journal/12206
Journal of Medical Toxicology,http://link.springer.com/journal/13181
Journal of Membrane Science,http://www.sciencedirect.com/science/journal/03767388
Journal of Mining Science,http://link.springer.com/journal/10913
Journal of Molecular Catalysis A: Chemical,http://www.sciencedirect.com/science/journal/13811169
Journal of Molecular Evolution,http://link.springer.com/journal/239
Journal of Molecular Graphics,http://www.sciencedirect.com/science/journal/02637855
Journal of Molecular Graphics and Modelling,http://www.sciencedirect.com/science/journal/10933263
Journal of Molecular Liquids,http://www.sciencedirect.com/science/journal/01677322
Journal of Molecular Modeling,http://link.springer.com/journal/894
Journal of Molecular Spectroscopy,http://www.sciencedirect.com/science/journal/00222852
Journal of Molecular Structure,http://www.sciencedirect.com/science/journal/00222860
Journal of Molecular Structure: THEOCHEM,http://www.sciencedirect.com/science/journal/01661280
Journal of Nanoparticle Research,http://link.springer.com/journal/11051
Journal of Natural Gas Chemistry,http://www.sciencedirect.com/science/journal/10039953
Journal of Natural Gas Science and Engineering,http://www.sciencedirect.com/science/journal/18755100
Journal of Non-Crystalline Solids,http://www.sciencedirect.com/science/journal/00223093
Journal of Non-Newtonian Fluid Mechanics,http://www.sciencedirect.com/science/journal/03770257
Journal of Nondestructive Evaluation,http://link.springer.com/journal/10921
Journal of Nuclear Materials,http://www.sciencedirect.com/science/journal/00223115
Journal of Ocean Engineering and Marine Energy,http://link.springer.com/journal/40722
Journal of Optics,http://link.springer.com/journal/12596
Journal of Organometallic Chemistry,http://www.sciencedirect.com/science/journal/0022328X
Journal of Petroleum Science and Engineering,http://www.sciencedirect.com/science/journal/09204105
Journal of Pharmaceutical Innovation,http://link.springer.com/journal/12247
Journal of Pharmaceutical Investigation,http://link.springer.com/journal/40005
Journal of Pharmacological and Toxicological Methods,http://www.sciencedirect.com/science/journal/10568719
Journal of Phase Equilibria and Diffusion,http://link.springer.com/journal/11669
Journal of Photochemistry and Photobiology A: Chemistry,http://www.sciencedirect.com/science/journal/10106030
Journal of Photochemistry and Photobiology B: Biology,http://www.sciencedirect.com/science/journal/10111344
Journal of Photochemistry and Photobiology C: Photochemistry Reviews,http://www.sciencedirect.com/science/journal/13895567
Journal of Physics and Chemistry of Solids,http://www.sciencedirect.com/science/journal/00223697
Journal of Polymer Research,http://link.springer.com/journal/10965
Journal of Polymers and the Environment,http://link.springer.com/journal/10924
Journal of Porous Materials,http://link.springer.com/journal/10934
Journal of Power Sources,http://www.sciencedirect.com/science/journal/03787753
Journal of Process Control,http://www.sciencedirect.com/science/journal/09591524
Journal of Quantitative Spectroscopy and Radiative Transfer,http://www.sciencedirect.com/science/journal/00224073
Journal of Radioanalytical and Nuclear Chemistry,http://link.springer.com/journal/10967
Journal of Rare Earths,http://www.sciencedirect.com/science/journal/10020721
Journal of Remanufacturing,http://link.springer.com/journal/13243
Journal of Russian Laser Research,http://link.springer.com/journal/10946
Journal of Sol-Gel Science and Technology,http://link.springer.com/journal/10971
Journal of Solid State Chemistry,http://www.sciencedirect.com/science/journal/00224596
Journal of Solid State Electrochemistry,http://link.springer.com/journal/10008
Journal of Solution Chemistry,http://link.springer.com/journal/10953
Journal of Sound and Vibration,http://www.sciencedirect.com/science/journal/0022460X
Journal of South American Earth Sciences,http://www.sciencedirect.com/science/journal/08959811
Journal of Southeast Asian Earth Sciences,http://www.sciencedirect.com/science/journal/07439547
Journal of Space Safety Engineering,http://www.sciencedirect.com/science/journal/24688967
Journal of Structural Biology,http://www.sciencedirect.com/science/journal/10478477
Journal of Structural Chemistry,http://link.springer.com/journal/10947
Journal of Structural Geology,http://www.sciencedirect.com/science/journal/01918141
Journal of Superconductivity and Novel Magnetism,http://link.springer.com/journal/10948
Journal of Superhard Materials,http://link.springer.com/journal/11961
"Journal of Surface Investigation: X-ray, Synchrotron and Neutron Techniques",http://link.springer.com/journal/11700
Journal of Sustainable Metallurgy,http://link.springer.com/journal/40831
Journal of Systems Science and Systems Engineering,http://link.springer.com/journal/11518
Journal of the Australian Ceramic Society,http://link.springer.com/journal/41779
Journal of the Brazilian Society of Mechanical Sciences and Engineering,http://link.springer.com/journal/40430
Journal of the Chinese Institute of Chemical Engineers,http://www.sciencedirect.com/science/journal/03681653
Journal of the Energy Institute,http://www.sciencedirect.com/science/journal/17439671
Journal of the European Ceramic Society,http://www.sciencedirect.com/science/journal/09552219
Journal of the Indian Chemical Society,http://www.sciencedirect.com/science/journal/00194522
Journal of the Indian Institute of Science,http://link.springer.com/journal/41745
Journal of The Institution of Engineers (India): Series A,http://link.springer.com/journal/40030
Journal of The Institution of Engineers (India): Series B,http://link.springer.com/journal/40031
Journal of The Institution of Engineers (India): Series C,http://link.springer.com/journal/40032
Journal of The Institution of Engineers (India): Series D,http://link.springer.com/journal/40033
Journal of The Institution of Engineers (India): Series E,http://link.springer.com/journal/40034
Journal of the Iranian Chemical Society,http://link.springer.com/journal/13738
Journal of the Mechanical Behavior of Biomedical Materials,http://www.sciencedirect.com/science/journal/17516161
Journal of the Mechanics and Physics of Solids,http://www.sciencedirect.com/science/journal/00225096
Journal of the Taiwan Institute of Chemical Engineers,http://www.sciencedirect.com/science/journal/18761070
Journal of Thermal Analysis and Calorimetry,http://link.springer.com/journal/10973
Journal of Thermal Science,http://link.springer.com/journal/11630
Journal of Thermal Spray Technology,http://link.springer.com/journal/11666
Journal of Trace Elements in Medicine and Biology,http://www.sciencedirect.com/science/journal/0946672X
Journal of Water Chemistry and Technology,http://link.springer.com/journal/11962
Journal of Water Process Engineering,http://www.sciencedirect.com/science/journal/22147144
Journal of Wuhan University of Technology-Mater. Sci. Ed.,http://link.springer.com/journal/11595
Kinematics and Physics of Celestial Bodies,http://link.springer.com/journal/11963
Kinetics and Catalysis,http://link.springer.com/journal/10975
Korea-Australia Rheology Journal,http://link.springer.com/journal/13367
Korean Journal of Chemical Engineering,http://link.springer.com/journal/11814
KSCE Journal of Civil Engineering,http://link.springer.com/journal/12205
Laboratory Automation & Information Management,http://www.sciencedirect.com/science/journal/1381141X
Lasers in Manufacturing and Materials Processing,http://link.springer.com/journal/40516
Lithology and Mineral Resources,http://link.springer.com/journal/10987
Macromolecular Research,http://link.springer.com/journal/13233
Manufacturing Letters,http://www.sciencedirect.com/science/journal/22138463
Marine and Petroleum Geology,http://www.sciencedirect.com/science/journal/02648172
Marine Chemistry,http://www.sciencedirect.com/science/journal/03044203
Marine Geology,http://www.sciencedirect.com/science/journal/00253227
Materialia,http://www.sciencedirect.com/science/journal/25891529
Materials & Design,http://www.sciencedirect.com/science/journal/02641275
Materials & Design (1980-2015),http://www.sciencedirect.com/science/journal/02613069
Materials and Structures,http://link.springer.com/journal/11527
Materials Characterization,http://www.sciencedirect.com/science/journal/10445803
Materials Chemistry and Physics,http://www.sciencedirect.com/science/journal/02540584
Materials Letters,http://www.sciencedirect.com/science/journal/0167577X
Materials Research Bulletin,http://www.sciencedirect.com/science/journal/00255408
Materials Science,http://link.springer.com/journal/11003
Materials Science and Engineering: A,http://www.sciencedirect.com/science/journal/09215093
Materials Science and Engineering: B,http://www.sciencedirect.com/science/journal/09215107
Materials Science and Engineering: C,http://www.sciencedirect.com/science/journal/09284931
Materials Science and Engineering: R: Reports,http://www.sciencedirect.com/science/journal/0927796X
Materials Science in Semiconductor Processing,http://www.sciencedirect.com/science/journal/13698001
Materials Today,http://www.sciencedirect.com/science/journal/13697021
Materials Today Chemistry,http://www.sciencedirect.com/science/journal/24685194
Materials Today Communications,http://www.sciencedirect.com/science/journal/23524928
Materials Today Energy,http://www.sciencedirect.com/science/journal/24686069
Materials Today Nano,http://www.sciencedirect.com/science/journal/25888420
Materials Today Physics,http://www.sciencedirect.com/science/journal/25425293
Materials Today Sustainability,http://www.sciencedirect.com/science/journal/25892347
Materials Today: Proceedings,http://www.sciencedirect.com/science/journal/22147853
Measurement,http://www.sciencedirect.com/science/journal/02632241
Measurement Techniques,http://link.springer.com/journal/11018
Meccanica,http://link.springer.com/journal/11012
Mechanical Systems and Signal Processing,http://www.sciencedirect.com/science/journal/08883270
Mechanics of Composite Materials,http://link.springer.com/journal/11029
Mechanics of Materials,http://www.sciencedirect.com/science/journal/01676636
Mechanics of Solids,http://link.springer.com/journal/11964
Mechanics of Time-Dependent Materials,http://link.springer.com/journal/11043
Mechanics Research Communications,http://www.sciencedirect.com/science/journal/00936413
Mechatronics,http://www.sciencedirect.com/science/journal/09574158
Medical Image Analysis,http://www.sciencedirect.com/science/journal/13618415
Membrane Technology,http://www.sciencedirect.com/science/journal/09582118
Mendeleev Communications,http://www.sciencedirect.com/science/journal/09599436
Metal Powder Report,http://www.sciencedirect.com/science/journal/00260657
Metal Science and Heat Treatment,http://link.springer.com/journal/11041
"Metallography, Microstructure, and Analysis",http://link.springer.com/journal/13632
Metallurgical and Materials Transactions A,http://link.springer.com/journal/11661
Metallurgical and Materials Transactions B,http://link.springer.com/journal/11663
Metallurgist,http://link.springer.com/journal/11015
Metals and Materials International,http://link.springer.com/journal/12540
Microchemical Journal,http://www.sciencedirect.com/science/journal/0026265X
Microchimica Acta,http://link.springer.com/journal/604
Microfluidics and Nanofluidics,http://link.springer.com/journal/10404
Microgravity Science and Technology,http://link.springer.com/journal/12217
Microporous and Mesoporous Materials,http://www.sciencedirect.com/science/journal/13871811
Microporous Materials,http://www.sciencedirect.com/science/journal/09276513
Microsystem Technologies,http://link.springer.com/journal/542
Mine Water and the Environment,http://link.springer.com/journal/10230
Mineralium Deposita,http://link.springer.com/journal/126
Mineralogy and Petrology,http://link.springer.com/journal/710
Minerals Engineering,http://www.sciencedirect.com/science/journal/08926875
Mining Science and Technology (China),http://www.sciencedirect.com/science/journal/16745264
Molecular Biotechnology,http://link.springer.com/journal/12033
Molecular Catalysis,http://www.sciencedirect.com/science/journal/24688231
Monatshefte für Chemie - Chemical Monthly,http://link.springer.com/journal/706
Moscow University Chemistry Bulletin,http://link.springer.com/journal/11967
Moscow University Physics Bulletin,http://link.springer.com/journal/11972
Multibody System Dynamics,http://link.springer.com/journal/11044
Nano Communication Networks,http://www.sciencedirect.com/science/journal/18787789
Nano Energy,http://www.sciencedirect.com/science/journal/22112855
Nano Research,http://link.springer.com/journal/12274
Nano Today,http://www.sciencedirect.com/science/journal/17480132
Nano-Structures & Nano-Objects,http://www.sciencedirect.com/science/journal/2352507X
NanoImpact,http://www.sciencedirect.com/science/journal/24520748
"Nanomedicine: Nanotechnology, Biology and Medicine",http://www.sciencedirect.com/science/journal/15499634
Nanostructured Materials,http://www.sciencedirect.com/science/journal/09659773
Nanotechnologies in Russia,http://link.springer.com/journal/12201
Nanotechnology for Environmental Engineering,http://link.springer.com/journal/41204
National Academy Science Letters,http://link.springer.com/journal/40009
NDT & E International,http://www.sciencedirect.com/science/journal/09638695
Neurochemistry International,http://www.sciencedirect.com/science/journal/01970186
NeuroMolecular Medicine,http://link.springer.com/journal/12017
Neuropharmacology,http://www.sciencedirect.com/science/journal/00283908
NeuroToxicology,http://www.sciencedirect.com/science/journal/0161813X
Neurotoxicology and Teratology,http://www.sciencedirect.com/science/journal/08920362
New Carbon Materials,http://www.sciencedirect.com/science/journal/18725805
Nitric Oxide,http://www.sciencedirect.com/science/journal/10898603
Nonlinear Dynamics,http://link.springer.com/journal/11071
Nuclear and Particle Physics Proceedings,http://www.sciencedirect.com/science/journal/24056014
Nuclear Data Sheets,http://www.sciencedirect.com/science/journal/00903752
Nuclear Engineering and Design,http://www.sciencedirect.com/science/journal/00295493
"Nuclear Instruments and Methods in Physics Research Section A: Accelerators, Spectrometers, Detectors and Associated Equipment",http://www.sciencedirect.com/science/journal/01689002
Nuclear Instruments and Methods in Physics Research Section B: Beam Interactions with Materials and Atoms,http://www.sciencedirect.com/science/journal/0168583X
Nuclear Physics A,http://www.sciencedirect.com/science/journal/03759474
Nuclear Physics B,http://www.sciencedirect.com/science/journal/05503213
Nuclear Physics B - Proceedings Supplements,http://www.sciencedirect.com/science/journal/09205632
Nuclear Science and Techniques,http://link.springer.com/journal/41365
Nutrition,http://www.sciencedirect.com/science/journal/08999007
Nutrition Research,http://www.sciencedirect.com/science/journal/02715317
Optical Fiber Technology,http://www.sciencedirect.com/science/journal/10685200
Optical Materials,http://www.sciencedirect.com/science/journal/09253467
Optical Switching and Networking,http://www.sciencedirect.com/science/journal/15734277
Optics & Laser Technology,http://www.sciencedirect.com/science/journal/00303992
Optics and Lasers in Engineering,http://www.sciencedirect.com/science/journal/01438166
Optics and Spectroscopy,http://link.springer.com/journal/11449
Optics Communications,http://www.sciencedirect.com/science/journal/00304018
Optik,http://www.sciencedirect.com/science/journal/00304026
Optoelectronics Letters,http://link.springer.com/journal/11801
"Optoelectronics, Instrumentation and Data Processing",http://link.springer.com/journal/11974
Organic Electronics,http://www.sciencedirect.com/science/journal/15661199
Organic Geochemistry,http://www.sciencedirect.com/science/journal/01466380
Oxidation of Metals,http://link.springer.com/journal/11085
Parasitology International,http://www.sciencedirect.com/science/journal/13835769
Parasitology Today,http://www.sciencedirect.com/science/journal/01694758
Particuology,http://www.sciencedirect.com/science/journal/16742001
Peptides,http://www.sciencedirect.com/science/journal/01969781
Petroleum Chemistry,http://link.springer.com/journal/11494
Petrology,http://link.springer.com/journal/11495
Photonics and Nanostructures - Fundamentals and Applications,http://www.sciencedirect.com/science/journal/15694410
Physica A: Statistical Mechanics and its Applications,http://www.sciencedirect.com/science/journal/03784371
Physica B: Condensed Matter,http://www.sciencedirect.com/science/journal/09214526
Physica C: Superconductivity and its Applications,http://www.sciencedirect.com/science/journal/09214534
Physica D: Nonlinear Phenomena,http://www.sciencedirect.com/science/journal/01672789
Physica E: Low-dimensional Systems and Nanostructures,http://www.sciencedirect.com/science/journal/13869477
Physica Medica,http://www.sciencedirect.com/science/journal/11201797
Physical Communication,http://www.sciencedirect.com/science/journal/18744907
Physical Mesomechanics,http://link.springer.com/journal/40334
Physics and Chemistry of Minerals,http://link.springer.com/journal/269
Physics and Chemistry of the Earth,http://www.sciencedirect.com/science/journal/00791946
"Physics and Chemistry of the Earth, Part A: Solid Earth and Geodesy",http://www.sciencedirect.com/science/journal/14641895
"Physics and Chemistry of the Earth, Part B: Hydrology, Oceans and Atmosphere",http://www.sciencedirect.com/science/journal/14641909
"Physics and Chemistry of the Earth, Part C: Solar, Terrestrial & Planetary Science",http://www.sciencedirect.com/science/journal/14641917
"Physics and Chemistry of the Earth, Parts A/B/C",http://www.sciencedirect.com/science/journal/14747065
Physics Letters A,http://www.sciencedirect.com/science/journal/03759601
Physics Letters B,http://www.sciencedirect.com/science/journal/03702693
Physics of Atomic Nuclei,http://link.springer.com/journal/11450
Physics of Metals and Metallography,http://link.springer.com/journal/11508
Physics of Particles and Nuclei/ Physics of Particles and Nuclei Letters,http://link.springer.com/journal/11567
Physics of the Dark Universe,http://www.sciencedirect.com/science/journal/22126864
Physics of The Earth and Planetary Interiors,http://www.sciencedirect.com/science/journal/00319201
Physics of the Solid State,http://link.springer.com/journal/11451
Physics of Wave Phenomena,http://link.springer.com/journal/11975
Physics Reports,http://www.sciencedirect.com/science/journal/03701573
Phytochemistry,http://www.sciencedirect.com/science/journal/00319422
Phytochemistry Letters,http://www.sciencedirect.com/science/journal/18743900
Phytochemistry Reviews,http://link.springer.com/journal/11101
Planetary and Space Science,http://www.sciencedirect.com/science/journal/00320633
Plant Foods for Human Nutrition,http://link.springer.com/journal/11130
Plasma Chemistry and Plasma Processing,http://link.springer.com/journal/11090
Plasma Physics Reports,http://link.springer.com/journal/11452
Plasmonics,http://link.springer.com/journal/11468
Polymer,http://www.sciencedirect.com/science/journal/00323861
Polymer Bulletin,http://link.springer.com/journal/289
Polymer Degradation and Stability,http://www.sciencedirect.com/science/journal/01413910
"Polymer Science, Series A-D",http://link.springer.com/journal/11529
Polymer Testing,http://www.sciencedirect.com/science/journal/01429418
Powder Metallurgy and Metal Ceramics,http://link.springer.com/journal/11106
Powder Technology,http://www.sciencedirect.com/science/journal/00325910
Pramana,http://link.springer.com/journal/12043
Precision Agriculture,http://link.springer.com/journal/11119
Probabilistic Engineering Mechanics,http://www.sciencedirect.com/science/journal/02668920
Probiotics and Antimicrobial Proteins,http://link.springer.com/journal/12602
Proceedings of the Combustion Institute,http://www.sciencedirect.com/science/journal/15407489
Proceedings of the Geologists’ Association,http://www.sciencedirect.com/science/journal/00167878
"Proceedings of the National Academy of Sciences, India Section A: Physical Sciences",http://link.springer.com/journal/40010
Process Integration and Optimization for Sustainability,http://link.springer.com/journal/41660
Progress in Additive Manufacturing,http://link.springer.com/journal/40964
Progress in Crystal Growth and Characterization of Materials,http://www.sciencedirect.com/science/journal/09608974
Progress in Energy and Combustion Science,http://www.sciencedirect.com/science/journal/03601285
Progress in Materials Science,http://www.sciencedirect.com/science/journal/00796425
Progress in Nuclear Energy,http://www.sciencedirect.com/science/journal/01491970
Progress in Nuclear Magnetic Resonance Spectroscopy,http://www.sciencedirect.com/science/journal/00796565
Progress in Organic Coatings,http://www.sciencedirect.com/science/journal/03009440
Progress in Particle and Nuclear Physics,http://www.sciencedirect.com/science/journal/01466410
Progress in Polymer Science,http://www.sciencedirect.com/science/journal/00796700
Progress in Quantum Electronics,http://www.sciencedirect.com/science/journal/00796727
Progress in Solid State Chemistry,http://www.sciencedirect.com/science/journal/00796786
Progress in Surface Science,http://www.sciencedirect.com/science/journal/00796816
Protection of Metals and Physical Chemistry of Surfaces,http://link.springer.com/journal/11124
Psychopharmacology,http://link.springer.com/journal/213
Publication Title, Title URL
Radiation and Environmental Biophysics,http://link.springer.com/journal/411
Radiation Detection Technology and Methods,http://link.springer.com/journal/41605
Radiation Physics and Chemistry,http://www.sciencedirect.com/science/journal/0969806X
Radiochemistry,http://link.springer.com/journal/11137
Radioelectronics and Communications Systems,http://link.springer.com/journal/11976
Radiophysics and Quantum Electronics,http://link.springer.com/journal/11141
Rare Metals,http://link.springer.com/journal/12598
"Reaction Kinetics, Mechanisms and Catalysis",http://link.springer.com/journal/11144
Reactive and Functional Polymers,http://www.sciencedirect.com/science/journal/13815148
Reactive Polymers,http://www.sciencedirect.com/science/journal/09231137
Refocus,http://www.sciencedirect.com/science/journal/14710846
Refractories and Industrial Ceramics,http://link.springer.com/journal/11148
Regenerative Engineering and Translational Medicine,http://link.springer.com/journal/40883
Reinforced Plastics,http://www.sciencedirect.com/science/journal/00343617
Reliability Engineering & System Safety,http://www.sciencedirect.com/science/journal/09518320
Remote Sensing Applications: Society and Environment,http://www.sciencedirect.com/science/journal/23529385
Remote Sensing of Environment,http://www.sciencedirect.com/science/journal/00344257
Renewable and Sustainable Energy Reviews,http://www.sciencedirect.com/science/journal/13640321
Renewable Energy,http://www.sciencedirect.com/science/journal/09601481
Renewable Energy Focus,http://www.sciencedirect.com/science/journal/17550084
Research on Chemical Intermediates,http://link.springer.com/journal/11164
Resource and Energy Economics,http://www.sciencedirect.com/science/journal/09287655
Reviews and advances in chemistry,http://link.springer.com/journal/13392
Reviews of Modern Plasma Physics,http://link.springer.com/journal/41614
Rheologica Acta,http://link.springer.com/journal/397
Rock Mechanics and Rock Engineering,http://link.springer.com/journal/603
Russian Chemical Bulletin,http://link.springer.com/journal/11172
Russian Journal of Applied Chemistry,http://link.springer.com/journal/11167
Russian Journal of Bioorganic Chemistry,http://link.springer.com/journal/11171
Russian Journal of Coordination Chemistry,http://link.springer.com/journal/11173
Russian Journal of Electrochemistry,http://link.springer.com/journal/11175
Russian Journal of General Chemistry,http://link.springer.com/journal/11176
Russian Journal of Inorganic Chemistry,http://link.springer.com/journal/11502
Russian Journal of Non-Ferrous Metals,http://link.springer.com/journal/11981
Russian Journal of Nondestructive Testing,http://link.springer.com/journal/11181
Russian Journal of Organic Chemistry,http://link.springer.com/journal/11178
Russian Journal of Physical Chemistry A,http://link.springer.com/journal/11504
Russian Journal of Physical Chemistry B,http://link.springer.com/journal/11826
Russian Metallurgy (Metally),http://link.springer.com/journal/11505
Russian Physics Journal,http://link.springer.com/journal/11182
Sādhanā,http://link.springer.com/journal/12046
Science Bulletin,http://www.sciencedirect.com/science/journal/20959273
Science China Chemistry,http://link.springer.com/journal/11426
Science China Materials,http://link.springer.com/journal/40843
"Science China Physics, Mechanics & Astronomy",http://link.springer.com/journal/11433
Science China Technological Sciences,http://link.springer.com/journal/11431
Science of The Total Environment,http://www.sciencedirect.com/science/journal/00489697
Scripta Materialia,http://www.sciencedirect.com/science/journal/13596462
Scripta Metallurgica et Materialia,http://www.sciencedirect.com/science/journal/0956716X
Sealing Technology,http://www.sciencedirect.com/science/journal/13504789
Sedimentary Geology,http://www.sciencedirect.com/science/journal/00370738
Semiconductors,http://link.springer.com/journal/11453
Sensors and Actuators A: Physical,http://www.sciencedirect.com/science/journal/09244247
Sensors and Actuators B: Chemical,http://www.sciencedirect.com/science/journal/09254005
Separation and Purification Technology,http://www.sciencedirect.com/science/journal/13835866
Separations Technology,http://www.sciencedirect.com/science/journal/09569618
Shape Memory and Superelasticity,http://link.springer.com/journal/40830
Shock Waves,http://link.springer.com/journal/193
Silicon,http://link.springer.com/journal/12633
Simulation Modelling Practice and Theory,http://www.sciencedirect.com/science/journal/1569190X
Simulation Practice and Theory,http://www.sciencedirect.com/science/journal/09284869
Soil Biology and Biochemistry,http://www.sciencedirect.com/science/journal/00380717
Solar Energy,http://www.sciencedirect.com/science/journal/0038092X
Solar Energy Materials and Solar Cells,http://www.sciencedirect.com/science/journal/09270248
Solar Physics,http://link.springer.com/journal/11207
Solid Fuel Chemistry,http://link.springer.com/journal/11985
Solid State Communications,http://www.sciencedirect.com/science/journal/00381098
Solid State Ionics,http://www.sciencedirect.com/science/journal/01672738
Solid State Nuclear Magnetic Resonance,http://www.sciencedirect.com/science/journal/09262040
Solid State Sciences,http://www.sciencedirect.com/science/journal/12932558
Solid-State Electronics,http://www.sciencedirect.com/science/journal/00381101
Space Research Today,http://www.sciencedirect.com/science/journal/17529298
Spectrochimica Acta Part A: Molecular and Biomolecular Spectroscopy,http://www.sciencedirect.com/science/journal/13861425
Spectrochimica Acta Part B: Atomic Spectroscopy,http://www.sciencedirect.com/science/journal/05848547
Sports Engineering,http://link.springer.com/journal/12283
Steel in Translation,http://link.springer.com/journal/11986
Strength of Materials,http://link.springer.com/journal/11223
Structural and Multidisciplinary Optimization,http://link.springer.com/journal/158
Structural Chemistry,http://link.springer.com/journal/11224
Structures,http://www.sciencedirect.com/science/journal/23520124
Superlattices and Microstructures,http://www.sciencedirect.com/science/journal/07496036
Supramolecular Science,http://www.sciencedirect.com/science/journal/09685677
Surface and Coatings Technology,http://www.sciencedirect.com/science/journal/02578972
Surface Engineering and Applied Electrochemistry,http://link.springer.com/journal/11987
Surface Science,http://www.sciencedirect.com/science/journal/00396028
Surface Science Reports,http://www.sciencedirect.com/science/journal/01675729
Surfaces and Interfaces,http://www.sciencedirect.com/science/journal/24680230
Sustainability Science,http://link.springer.com/journal/11625
Sustainable Chemistry and Pharmacy,http://www.sciencedirect.com/science/journal/23525541
Sustainable Cities and Society,http://www.sciencedirect.com/science/journal/22106707
Sustainable Computing: Informatics and Systems,http://www.sciencedirect.com/science/journal/22105379
Sustainable Energy Technologies and Assessments,http://www.sciencedirect.com/science/journal/22131388
"Sustainable Energy, Grids and Networks",http://www.sciencedirect.com/science/journal/23524677
Sustainable Materials and Technologies,http://www.sciencedirect.com/science/journal/22149937
Sustainable Production and Consumption,http://www.sciencedirect.com/science/journal/23525509
Sustainable Water Resources Management,http://link.springer.com/journal/40899
Symposium (International) on Combustion,http://www.sciencedirect.com/science/journal/00820784
Synthetic Metals,http://www.sciencedirect.com/science/journal/03796779
Technical Physics,http://link.springer.com/journal/11454
Technical Physics Letters,http://link.springer.com/journal/11455
Technology and Economics of Smart Grids and Sustainable Energy,http://link.springer.com/journal/40866
The Chemical Engineering Journal and the Biochemical Engineering Journal,http://www.sciencedirect.com/science/journal/09230467
The European Physical Journal A,http://link.springer.com/journal/10050
The European Physical Journal B,http://link.springer.com/journal/10051
The European Physical Journal D,http://link.springer.com/journal/10053
The European Physical Journal E,http://link.springer.com/journal/10189
The European Physical Journal H,http://link.springer.com/journal/13129
The European Physical Journal Plus,http://link.springer.com/journal/13360
The European Physical Journal Special Topics,http://link.springer.com/journal/11734
The Extractive Industries and Society,http://www.sciencedirect.com/science/journal/2214790X
The International Journal of Advanced Manufacturing Technology,http://link.springer.com/journal/170
The Journal of Chemical Thermodynamics,http://www.sciencedirect.com/science/journal/00219614
The Journal of Membrane Biology,http://link.springer.com/journal/232
The Journal of Steroid Biochemistry and Molecular Biology,http://www.sciencedirect.com/science/journal/09600760
The Journal of Supercritical Fluids,http://www.sciencedirect.com/science/journal/08968446
The Nucleus,http://link.springer.com/journal/13237
The Protein Journal,http://link.springer.com/journal/10930
Theoretical and Applied Fracture Mechanics,http://www.sciencedirect.com/science/journal/01678442
Theoretical and Computational Fluid Dynamics,http://link.springer.com/journal/162
Theoretical and Experimental Chemistry,http://link.springer.com/journal/11237
Theoretical and Mathematical Physics,http://link.springer.com/journal/11232
Theoretical Chemistry Accounts,http://link.springer.com/journal/214
Theoretical Foundations of Chemical Engineering,http://link.springer.com/journal/11236
Thermal Engineering,http://link.springer.com/journal/11509
Thermal Science and Engineering Progress,http://www.sciencedirect.com/science/journal/24519049
Thermochimica Acta,http://www.sciencedirect.com/science/journal/00406031
Thermophysics and Aeromechanics,http://link.springer.com/journal/11510
Thin Solid Films,http://www.sciencedirect.com/science/journal/00406090
Thin-Walled Structures,http://www.sciencedirect.com/science/journal/02638231
Topics in Catalysis,http://link.springer.com/journal/11244
Topics in Current Chemistry,http://link.springer.com/journal/41061
Toxicology,http://www.sciencedirect.com/science/journal/0300483X
Toxicology and Applied Pharmacology,http://www.sciencedirect.com/science/journal/0041008X
Toxicology and Environmental Health Sciences,http://link.springer.com/journal/13530
Toxicology in Vitro,http://www.sciencedirect.com/science/journal/08872333
Toxicology Letters,http://www.sciencedirect.com/science/journal/03784274
Toxicon,http://www.sciencedirect.com/science/journal/00410101
TrAC Trends in Analytical Chemistry,http://www.sciencedirect.com/science/journal/01659936
Transactions of Nonferrous Metals Society of China,http://www.sciencedirect.com/science/journal/10036326
Transactions of the Indian Institute of Metals,http://link.springer.com/journal/12666
Transactions of the Indian National Academy of Engineering,http://link.springer.com/journal/41403
Transition Metal Chemistry,http://link.springer.com/journal/11243
Trends in Environmental Analytical Chemistry,http://www.sciencedirect.com/science/journal/22141588
Tribology International,http://www.sciencedirect.com/science/journal/0301679X
Tribology Letters,http://link.springer.com/journal/11249
Ultramicroscopy,http://www.sciencedirect.com/science/journal/03043991
Ultrasonics,http://www.sciencedirect.com/science/journal/0041624X
Ultrasonics Sonochemistry,http://www.sciencedirect.com/science/journal/13504177
Upstream Oil and Gas Technology,http://www.sciencedirect.com/science/journal/26662604
Urban Climate,http://www.sciencedirect.com/science/journal/22120955
Urban Forestry & Urban Greening,http://www.sciencedirect.com/science/journal/16188667
Vacuum,http://www.sciencedirect.com/science/journal/0042207X
Vibrational Spectroscopy,http://www.sciencedirect.com/science/journal/09242031
Waste Management,http://www.sciencedirect.com/science/journal/0956053X
Water Conservation Science and Engineering,http://link.springer.com/journal/41101
"Water, Air, & Soil Pollution",http://link.springer.com/journal/11270
Wear,http://www.sciencedirect.com/science/journal/00431648
Welding in the World,http://link.springer.com/journal/40194
Wood Science and Technology,http://link.springer.com/journal/226
World Patent Information,http://www.sciencedirect.com/science/journal/01722190
Zeitschrift für angewandte Mathematik und Physik,http://link.springer.com/journal/33
Zeolites,http://www.sciencedirect.com/science/journal/01442449